{
  "btc": 71669.72,
  "fbtc": 60.099998,
  "ibit": 39.095001,
  "gbtc": 53.72,
  "ts": "2026-04-08T01:15:51.858Z"
}
