{
  "btc": 61994.84,
  "fbtc": 53.855,
  "ibit": 35.064999,
  "gbtc": 48.0099983,
  "ts": "2026-06-11T02:29:53.862Z"
}
