{
  "btc": 71978.62,
  "fbtc": 60.099998,
  "ibit": 39.095001,
  "gbtc": 53.72,
  "ts": "2026-04-08T12:53:01.569Z"
}
