{
  "btc": 62867.98,
  "fbtc": 53.855,
  "ibit": 35.064999,
  "gbtc": 48.0099983,
  "ts": "2026-06-11T10:00:33.427Z"
}
