{
  "btc": 71636.97,
  "fbtc": 60.099998,
  "ibit": 39.095001,
  "gbtc": 53.72,
  "ts": "2026-04-08T07:04:40.317Z"
}
